GEO_ID,B19013_E001,B19013_M001
1400000US06037101110,88438,20688
1400000US06037101122,104643,40990
1400000US06037101220,92317,21248
1400000US06037101221,52204,17943
1400000US06037101222,38125,37622
1400000US06037101300,127566,22890
1400000US06037101400,87138,22720
1400000US06037102103,76594,20040
1400000US06037102104,109460,14610
1400000US06037102105,70750,39852
1400000US06037102107,106218,19510
1400000US06037103101,112083,25197
1400000US06037103102,73642,26585
1400000US06037103201,69347,25891
1400000US06037103202,122560,10685
1400000US06037103300,120134,32504
1400000US06037103401,101628,9109
1400000US06037103402,100059,22119
1400000US06037104103,96607,37157
1400000US06037104105,60507,9857
1400000US06037104108,74506,18518
1400000US06037104124,83958,20326
1400000US06037104201,107083,32974
1400000US06037104203,74008,12646
1400000US06037104204,76250,24953
1400000US06037104310,92457,39384
1400000US06037104321,58047,35495
1400000US06037104322,106400,31579
1400000US06037104401,77875,13272
1400000US06037104403,88571,28811
1400000US06037104404,83173,19118
1400000US06037104500,75536,20307
1400000US06037104610,88171,17872
1400000US06037104620,91875,12483
1400000US06037104701,51000,19991
1400000US06037104703,-666666666,-222222222
1400000US06037104704,79340,10228
1400000US06037104821,73214,23450
1400000US06037104822,51429,23218
1400000US06037104823,83906,24022
1400000US06037104824,115625,33392
1400000US06037106010,145938,22220
1400000US06037106020,124972,21563
1400000US06037106111,109805,29755
1400000US06037106112,114205,15404
1400000US06037106113,110032,16935
1400000US06037106114,86346,24961
1400000US06037106403,109417,34069
1400000US06037106405,93694,12149
1400000US06037106406,106754,14352
1400000US06037106407,32375,11093
1400000US06037106408,54552,14067
1400000US06037106510,149135,24500
1400000US06037106520,115283,44134
1400000US06037106603,169821,71168
1400000US06037106604,72386,19048
1400000US06037106641,123170,6675
1400000US06037106642,139500,20575
1400000US06037106643,211974,49481
1400000US06037106645,159357,67837
1400000US06037106646,114107,33988
1400000US06037106648,54111,35067
1400000US06037106649,110089,18362
1400000US06037107010,98281,23602
1400000US06037107020,84375,31489
1400000US06037108101,159531,38388
1400000US06037108102,133262,16514
1400000US06037108103,159677,27479
1400000US06037108104,144375,37570
1400000US06037108202,181709,33065
1400000US06037108203,143000,25669
1400000US06037108204,179688,43287
1400000US06037109100,70458,11694
1400000US06037109200,123533,11438
1400000US06037109300,121193,25440
1400000US06037109400,82083,56113
1400000US06037109500,92188,12559
1400000US06037109601,118210,22092
1400000US06037109603,84008,19641
1400000US06037109604,108188,12014
1400000US06037109700,110179,17505
1400000US06037109800,79347,31003
1400000US06037111100,108173,30872
1400000US06037111201,122125,27483
1400000US06037111202,109630,16910
1400000US06037111204,184425,15834
1400000US06037111205,114464,27429
1400000US06037111206,153355,39959
1400000US06037111302,100975,14395
1400000US06037111303,111815,30973
1400000US06037111304,45845,18467
1400000US06037111401,142500,53872
1400000US06037111402,59323,7666
1400000US06037113101,137072,18077
1400000US06037113102,200625,61619
1400000US06037113211,122663,31140
1400000US06037113212,92431,27675
1400000US06037113213,133241,21854
1400000US06037113231,127528,10935
1400000US06037113232,182422,39429
1400000US06037113234,65588,13099
1400000US06037113235,91622,22828
1400000US06037113237,134926,41528
1400000US06037113238,73906,22135
1400000US06037113239,54880,8804
1400000US06037113301,135875,47259
1400000US06037113303,118036,26960
1400000US06037113322,123250,21592
1400000US06037113323,90625,33140
1400000US06037113324,104063,9109
1400000US06037113423,113507,20808
1400000US06037113424,101563,30174
1400000US06037113425,73621,12667
1400000US06037113426,78581,9559
1400000US06037113427,65549,4599
1400000US06037113428,121835,31378
1400000US06037115101,130637,52694
1400000US06037115103,-666666666,-222222222
1400000US06037115104,76250,22377
1400000US06037115202,68722,25070
1400000US06037115203,80156,30144
1400000US06037115204,111375,29113
1400000US06037115301,105926,21677
1400000US06037115302,73547,17303
1400000US06037115401,62116,9057
1400000US06037115403,72386,16721
1400000US06037115404,60774,16180
1400000US06037117101,99375,15477
1400000US06037117102,82900,10777
1400000US06037117201,56250,29481
1400000US06037117202,86146,38500
1400000US06037117301,153321,28345
1400000US06037117302,105991,19589
1400000US06037117303,130724,25224
1400000US06037117404,121366,19251
1400000US06037117405,46618,12316
1400000US06037117407,56250,6215
1400000US06037117408,51836,11259
1400000US06037117510,48636,9936
1400000US06037117520,58517,9999
1400000US06037117530,46127,8945
1400000US06037119001,117474,28121
1400000US06037119003,99886,17131
1400000US06037119004,92961,57906
1400000US06037119201,112138,16771
1400000US06037119202,82500,28430
1400000US06037119310,68429,18384
1400000US06037119320,78173,46545
1400000US06037119340,44569,10231
1400000US06037119341,50800,5164
1400000US06037119342,74671,24038
1400000US06037119400,104732,28692
1400000US06037119700,93500,29696
1400000US06037119801,115250,38108
1400000US06037119802,84479,25713
1400000US06037119900,85386,33333
1400000US06037120010,77885,33291
1400000US06037120020,48800,16265
1400000US06037120030,51983,14781
1400000US06037120103,47500,17258
1400000US06037120104,55438,11552
1400000US06037120105,49118,6110
1400000US06037120106,37033,7084
1400000US06037120107,39393,12670
1400000US06037120108,59726,11814
1400000US06037120300,59579,21851
1400000US06037120400,57181,14034
1400000US06037121010,81111,27848
1400000US06037121020,75070,16923
1400000US06037121101,65536,7409
1400000US06037121102,79743,20602
1400000US06037121210,75875,12581
1400000US06037121221,94792,18555
1400000US06037121222,89500,21685
1400000US06037121600,116025,23678
1400000US06037121801,56346,15598
1400000US06037121802,105781,27406
1400000US06037121900,56115,17156
1400000US06037122000,101444,8299
1400000US06037122120,65104,19506
1400000US06037122121,61583,36174
1400000US06037122122,47524,6206
1400000US06037122200,77316,7063
1400000US06037122410,74479,12721
1400000US06037122420,62949,11693
1400000US06037123010,58619,12102
1400000US06037123020,87036,4368
1400000US06037123103,79125,18077
1400000US06037123104,74831,12167
1400000US06037123203,60375,21457
1400000US06037123204,67019,11931
1400000US06037123205,60625,21762
1400000US06037123206,71346,22258
1400000US06037123301,71250,13987
1400000US06037123303,67115,15113
1400000US06037123304,50101,12829
1400000US06037123410,43636,10104
1400000US06037123420,56250,9660
1400000US06037123510,44120,7828
1400000US06037123520,65417,10005
1400000US06037123601,86607,28351
1400000US06037123602,73580,18037
1400000US06037123700,95114,22795
1400000US06037123800,91790,17557
1400000US06037123901,54295,11421
1400000US06037123902,100135,22078
1400000US06037124000,84464,22840
1400000US06037124102,78090,15611
1400000US06037124103,62802,7074
1400000US06037124104,56250,8862
1400000US06037124105,63477,15125
1400000US06037124201,76587,14581
1400000US06037124203,82083,13568
1400000US06037124204,60164,23239
1400000US06037124300,84318,34991
1400000US06037124400,89250,25182
1400000US06037124500,80495,15540
1400000US06037124600,103750,11446
1400000US06037124700,111994,36347
1400000US06037124902,75378,13183
1400000US06037124903,86600,23640
1400000US06037125101,78135,5507
1400000US06037125102,120375,46191
1400000US06037125200,86109,16004
1400000US06037125310,72833,33335
1400000US06037125321,69053,18857
1400000US06037125322,52780,17737
1400000US06037125402,83182,21826
1400000US06037125403,93750,8494
1400000US06037125404,81976,8302
1400000US06037125501,67171,21482
1400000US06037125502,95662,14837
1400000US06037125600,104647,11070
1400000US06037127102,79653,20844
1400000US06037127103,51558,8251
1400000US06037127104,66703,10469
1400000US06037127210,67852,12155
1400000US06037127220,54778,6073
1400000US06037127300,76750,14768
1400000US06037127400,64614,14070
1400000US06037127520,53187,3583
1400000US06037127603,62414,15625
1400000US06037127604,48807,22372
1400000US06037127605,69540,17967
1400000US06037127606,75688,11445
1400000US06037127711,97813,8554
1400000US06037127712,75256,15034
1400000US06037127803,69468,10650
1400000US06037127804,66563,16183
1400000US06037127805,63333,24810
1400000US06037127806,75625,33906
1400000US06037127910,65986,13747
1400000US06037127920,74375,11129
1400000US06037128101,95990,21781
1400000US06037128102,54750,9962
1400000US06037128210,48871,16478
1400000US06037128220,63996,18469
1400000US06037128302,58929,13647
1400000US06037128303,45486,14937
1400000US06037128400,137250,14032
1400000US06037128500,92368,42618
1400000US06037128601,67452,15060
1400000US06037128602,108693,31274
1400000US06037128703,69604,35782
1400000US06037128704,155469,32702
1400000US06037128801,88571,17936
1400000US06037128802,90503,28243
1400000US06037128910,107625,20569
1400000US06037131021,62121,17717
1400000US06037131022,45784,20039
1400000US06037131023,90352,14615
1400000US06037131024,96198,31513
1400000US06037131100,103819,19351
1400000US06037131200,133958,33531
1400000US06037131300,122989,24358
1400000US06037131400,100725,16385
1400000US06037131600,92973,16016
1400000US06037131701,72321,23424
1400000US06037131702,79745,9500
1400000US06037131801,59955,19356
1400000US06037131802,99345,10029
1400000US06037131900,136875,20932
1400000US06037132001,127039,22415
1400000US06037132002,108944,21850
1400000US06037132101,64821,23421
1400000US06037132102,80469,11767
1400000US06037132301,51181,19761
1400000US06037132302,76156,28220
1400000US06037132501,86696,21190
1400000US06037132502,73558,14423
1400000US06037132700,93661,32752
1400000US06037132900,126292,41248
1400000US06037133000,98042,30472
1400000US06037133101,113993,11191
1400000US06037133102,56088,35838
1400000US06037134001,92632,14089
1400000US06037134002,81023,26469
1400000US06037134101,90227,20365
1400000US06037134103,78672,29767
1400000US06037134104,75313,22216
1400000US06037134201,120833,40455
1400000US06037134302,131250,48394
1400000US06037134303,106840,40408
1400000US06037134304,84205,34050
1400000US06037134305,60197,19501
1400000US06037134306,52038,12518
1400000US06037134421,165109,34308
1400000US06037134422,158839,17032
1400000US06037134423,124464,43911
1400000US06037134424,157980,17212
1400000US06037134520,54976,9657
1400000US06037134521,52679,14982
1400000US06037134522,69318,19101
1400000US06037134710,62813,10480
1400000US06037134720,102604,26037
1400000US06037134801,98804,26447
1400000US06037134802,83813,19456
1400000US06037134901,84688,11442
1400000US06037134904,104375,29194
1400000US06037134905,97106,21634
1400000US06037134906,67216,13274
1400000US06037134907,92759,31085
1400000US06037135102,170694,37215
1400000US06037135111,106023,22080
1400000US06037135113,117841,41911
1400000US06037135115,118162,42335
1400000US06037135116,67056,44054
1400000US06037135201,143125,36323
1400000US06037135202,128816,24606
1400000US06037135204,140085,30417
1400000US06037135205,156389,41970
1400000US06037137000,126250,31544
1400000US06037137103,86029,14002
1400000US06037137104,106599,15298
1400000US06037137202,75714,19948
1400000US06037137203,129732,42112
1400000US06037137301,196893,39089
1400000US06037137302,181786,20222
1400000US06037137401,143142,15779
1400000US06037137402,121201,12764
1400000US06037137501,95858,18297
1400000US06037137502,134388,29540
1400000US06037137504,242188,45127
1400000US06037138000,156094,36117
1400000US06037139001,127755,35059
1400000US06037139200,97015,8801
1400000US06037139301,165515,34984
1400000US06037139302,82806,8219
1400000US06037139303,69263,12244
1400000US06037139401,84575,10372
1400000US06037139402,198043,83734
1400000US06037139502,132738,21064
1400000US06037139504,78198,14007
1400000US06037139505,49500,31483
1400000US06037139506,72849,18637
1400000US06037139600,89473,18187
1400000US06037139701,162188,60013
1400000US06037139703,223750,61762
1400000US06037139704,141546,35486
1400000US06037139705,250001,-333333333
1400000US06037139801,232434,15994
1400000US06037139802,228990,23760
1400000US06037141101,73318,20051
1400000US06037141102,95288,45737
1400000US06037141201,77207,37343
1400000US06037141202,114621,29643
1400000US06037141303,103990,21433
1400000US06037141304,101941,29882
1400000US06037141305,119448,26814
1400000US06037141306,109222,13806
1400000US06037141400,118441,30800
1400000US06037141500,206607,109350
1400000US06037141600,202825,46788
1400000US06037141700,234120,40952
1400000US06037143101,105375,9011
1400000US06037143102,101333,24183
1400000US06037143200,95867,24081
1400000US06037143301,97386,40102
1400000US06037143302,127500,34036
1400000US06037143401,131161,38133
1400000US06037143402,110179,31106
1400000US06037143500,178875,48636
1400000US06037143602,102388,21308
1400000US06037143603,96458,18658
1400000US06037143605,96500,24381
1400000US06037143606,89176,19204
1400000US06037143700,151125,56478
1400000US06037143801,165880,40008
1400000US06037143802,161706,20043
1400000US06037143901,212027,24959
1400000US06037143902,160000,34602
1400000US06037181000,151875,46661
1400000US06037181300,152219,23510
1400000US06037181400,106075,11003
1400000US06037181500,127847,29846
1400000US06037181600,94091,54095
1400000US06037183101,120521,49814
1400000US06037183103,93506,22946
1400000US06037183104,94444,24059
1400000US06037183220,136854,12706
1400000US06037183221,102250,48086
1400000US06037183222,99464,45990
1400000US06037183300,97361,26839
1400000US06037183401,109688,11858
1400000US06037183402,102196,20883
1400000US06037183510,102813,20692
1400000US06037183520,69436,3487
1400000US06037183610,80688,17325
1400000US06037183620,112476,20543
1400000US06037183701,71946,12761
1400000US06037183702,93654,20310
1400000US06037183810,73500,22562
1400000US06037183820,78426,25139
1400000US06037185101,85967,32871
1400000US06037185102,137750,91637
1400000US06037185202,134875,28701
1400000US06037185203,88667,21846
1400000US06037185204,128523,52486
1400000US06037185310,93958,23112
1400000US06037185320,61618,11402
1400000US06037186100,105069,7756
1400000US06037186201,83562,11945
1400000US06037186202,99188,12476
1400000US06037186203,177623,27534
1400000US06037186301,69614,7842
1400000US06037186302,102719,24666
1400000US06037186401,57011,9484
1400000US06037186403,105048,19870
1400000US06037186404,79643,22359
1400000US06037187101,91829,24115
1400000US06037187102,91944,33819
1400000US06037187200,96912,6316
1400000US06037187300,126528,36825
1400000US06037188100,93675,18732
1400000US06037188201,92500,25596
1400000US06037188202,200962,25113
1400000US06037188300,123234,28627
1400000US06037189101,106295,12722
1400000US06037189102,126071,17292
1400000US06037189201,66771,31129
1400000US06037189202,152857,61880
1400000US06037189300,188814,21643
1400000US06037189400,118750,28560
1400000US06037189501,90137,26298
1400000US06037189502,68250,14781
1400000US06037189600,85259,20682
1400000US06037189702,81646,24101
1400000US06037189703,126466,14657
1400000US06037189704,120833,36706
1400000US06037189801,96043,12957
1400000US06037189802,123056,55499
1400000US06037189903,101135,9298
1400000US06037189904,73279,10394
1400000US06037189905,80291,15888
1400000US06037189906,93878,22560
1400000US06037189907,95576,12933
1400000US06037190101,44000,17453
1400000US06037190102,78250,33055
1400000US06037190201,52241,11082
1400000US06037190202,44386,14427
1400000US06037190302,90373,40092
1400000US06037190303,54479,37465
1400000US06037190401,70107,18245
1400000US06037190402,55987,15204
1400000US06037190510,60638,23916
1400000US06037190520,55987,9309
1400000US06037190701,48836,22853
1400000US06037190702,68229,17768
1400000US06037190801,50781,25908
1400000US06037190802,69000,25087
1400000US06037190901,40577,11774
1400000US06037190902,61270,16518
1400000US06037191000,68623,6664
1400000US06037191110,54583,28473
1400000US06037191120,53558,17066
1400000US06037191201,50250,12483
1400000US06037191203,41810,22685
1400000US06037191204,60134,12253
1400000US06037191301,71250,16634
1400000US06037191302,49730,20936
1400000US06037191410,51875,10451
1400000US06037191420,75597,13724
1400000US06037191500,66367,14967
1400000US06037191610,53641,9993
1400000US06037191620,61369,15797
1400000US06037191710,31563,9136
1400000US06037191720,38453,11453
1400000US06037191810,71214,18686
1400000US06037191820,86164,20701
1400000US06037191901,77604,20164
1400000US06037191902,93523,27417
1400000US06037192001,89102,32306
1400000US06037192002,133828,45408
1400000US06037192300,83219,22847
1400000US06037192410,131250,43407
1400000US06037192420,96667,12785
1400000US06037192510,64049,19106
1400000US06037192520,65479,9251
1400000US06037192610,51881,4085
1400000US06037192620,53176,9133
1400000US06037192700,60357,14004
1400000US06037194101,101100,23184
1400000US06037194102,198158,49050
1400000US06037194200,143466,80594
1400000US06037194300,228824,38270
1400000US06037194401,88750,21782
1400000US06037194402,112529,20547
1400000US06037194500,128816,53927
1400000US06037195100,168333,30944
1400000US06037195201,128314,12061
1400000US06037195202,162571,16849
1400000US06037195300,95511,31656
1400000US06037195400,132500,49013
1400000US06037195500,123750,40479
1400000US06037195600,103239,39306
1400000US06037195710,64069,13656
1400000US06037195720,75066,15091
1400000US06037195802,106845,31294
1400000US06037195803,100481,31330
1400000US06037195804,73750,40473
1400000US06037195901,91209,7816
1400000US06037195902,135606,25453
1400000US06037195903,94861,9050
1400000US06037197200,100392,23202
1400000US06037197300,108696,15515
1400000US06037197410,103385,14198
1400000US06037197420,99375,25596
1400000US06037197500,81914,15332
1400000US06037197600,78591,27531
1400000US06037197700,62965,17921
1400000US06037199001,51324,14765
1400000US06037199002,66071,20713
1400000US06037199110,83333,24055
1400000US06037199120,44120,10891
1400000US06037199201,58597,25980
1400000US06037199202,98447,23944
1400000US06037199300,104201,4775
1400000US06037199400,52212,21720
1400000US06037199700,55435,17034
1400000US06037199801,90104,40140
1400000US06037199802,65625,13035
1400000US06037199900,41121,10428
1400000US06037201110,101305,3435
1400000US06037201120,84067,14747
1400000US06037201200,86786,17231
1400000US06037201301,81174,22092
1400000US06037201302,122684,29932
1400000US06037201401,54100,11438
1400000US06037201402,93021,34042
1400000US06037201501,92813,26553
1400000US06037201503,65486,17446
1400000US06037201504,117702,30260
1400000US06037201601,65938,29966
1400000US06037201602,74609,27418
1400000US06037201700,85000,18599
1400000US06037203100,60583,20086
1400000US06037203200,60570,9309
1400000US06037203300,45536,20196
1400000US06037203500,64725,8034
1400000US06037203601,55167,27826
1400000US06037203602,77500,17429
1400000US06037203710,87440,14057
1400000US06037203720,58490,38401
1400000US06037203800,68750,12571
1400000US06037203900,71563,21383
1400000US06037204110,72011,23428
1400000US06037204120,88190,23656
1400000US06037204200,50069,9749
1400000US06037204300,61029,15055
1400000US06037204410,51250,49475
1400000US06037204420,55957,5440
1400000US06037204600,51429,8482
1400000US06037204700,78821,20961
1400000US06037204810,57283,10288
1400000US06037204820,70714,21772
1400000US06037204910,51994,8130
1400000US06037204920,75972,13350
1400000US06037205110,54939,9352
1400000US06037205120,32406,16912
1400000US06037206010,70304,32411
1400000US06037206020,155658,29954
1400000US06037206050,35924,24328
1400000US06037206051,161667,57535
1400000US06037206052,110714,39211
1400000US06037206053,48657,18169
1400000US06037206054,87292,39059
1400000US06037206201,47333,17833
1400000US06037206202,24182,6581
1400000US06037206301,14385,795
1400000US06037206302,9375,2781
1400000US06037206303,6803,5924
1400000US06037207101,65729,16774
1400000US06037207102,46952,24870
1400000US06037207103,56652,16179
1400000US06037207303,31969,7818
1400000US06037207304,14342,2318
1400000US06037207305,68348,6900
1400000US06037207306,49729,21946
1400000US06037207307,-666666666,-222222222
1400000US06037207308,90156,26379
1400000US06037207400,78482,29379
1400000US06037207501,115667,30812
1400000US06037207502,24515,18916
1400000US06037207711,145357,45636
1400000US06037207712,63484,31771
1400000US06037207901,71563,44043
1400000US06037207902,104090,14286
1400000US06037208001,90175,19202
1400000US06037208002,56223,29120
1400000US06037208301,42586,10347
1400000US06037208302,60156,12371
1400000US06037208401,35329,11293
1400000US06037208402,80595,20069
1400000US06037208501,89539,18103
1400000US06037208502,33417,11143
1400000US06037208610,66210,10459
1400000US06037208620,62254,13979
1400000US06037208710,65467,5813
1400000US06037208720,35897,3897
1400000US06037208801,37404,10614
1400000US06037208802,37321,21497
1400000US06037208902,39561,7107
1400000US06037208903,48828,18324
1400000US06037208904,31463,9534
1400000US06037209103,38556,9461
1400000US06037209104,41771,19777
1400000US06037209105,33234,11778
1400000US06037209106,39647,37849
1400000US06037209201,79966,11598
1400000US06037209202,50192,14751
1400000US06037209300,31642,8945
1400000US06037209401,33676,12265
1400000US06037209402,49072,16800
1400000US06037209403,26650,11876
1400000US06037209510,43911,7443
1400000US06037209520,44099,3907
1400000US06037209810,35822,7420
1400000US06037209820,59091,20808
1400000US06037210010,27320,6943
1400000US06037211000,195603,73859
1400000US06037211121,73095,24102
1400000US06037211122,48544,9680
1400000US06037211123,81505,37459
1400000US06037211124,70197,22978
1400000US06037211201,62381,6709
1400000US06037211202,62964,19031
1400000US06037211310,48096,6993
1400000US06037211320,52461,18903
1400000US06037211410,49475,5367
1400000US06037211420,55563,15191
1400000US06037211500,78977,27988
1400000US06037211701,93611,44042
1400000US06037211703,64206,6524
1400000US06037211704,51750,20843
1400000US06037211802,49250,6529
1400000US06037211803,65799,14261
1400000US06037211804,47536,25022
1400000US06037211910,72125,15698
1400000US06037211921,47353,11034
1400000US06037211922,58427,3703
1400000US06037212101,59395,16451
1400000US06037212102,43444,10301
1400000US06037212202,59026,5375
1400000US06037212203,30482,8879
1400000US06037212204,33636,14108
1400000US06037212303,30886,9169
1400000US06037212304,45994,5381
1400000US06037212305,47525,4897
1400000US06037212306,63194,3986
1400000US06037212410,49403,4970
1400000US06037212420,57732,9611
1400000US06037212501,44699,36438
1400000US06037212502,73406,17075
1400000US06037212610,67159,16605
1400000US06037212620,41125,14806
1400000US06037212701,85030,14417
1400000US06037212702,74727,40852
1400000US06037212800,101932,54114
1400000US06037212900,55360,9649
1400000US06037213100,60527,9801
1400000US06037213201,44849,9068
1400000US06037213202,68534,8906
1400000US06037213310,50313,27379
1400000US06037213320,40139,13769
1400000US06037213401,60590,16669
1400000US06037213402,45700,16424
1400000US06037214000,150288,46951
1400000US06037214100,162159,37157
1400000US06037214400,102725,22072
1400000US06037214501,118885,10836
1400000US06037214503,96225,12471
1400000US06037214504,110125,14058
1400000US06037214505,102279,38872
1400000US06037214600,120229,35738
1400000US06037214700,125515,23316
1400000US06037214800,96513,22775
1400000US06037214902,109450,17831
1400000US06037214903,59038,43161
1400000US06037214904,126824,42046
1400000US06037215101,91250,26573
1400000US06037215102,92889,17802
1400000US06037216100,168531,16085
1400000US06037216201,120282,29398
1400000US06037216202,78859,46373
1400000US06037216301,99738,71511
1400000US06037216302,100000,23021
1400000US06037216401,97223,11457
1400000US06037216402,101470,7131
1400000US06037216700,97406,14820
1400000US06037216800,121597,30752
1400000US06037216901,106354,36441
1400000US06037216902,87222,30849
1400000US06037217001,129688,41724
1400000US06037217002,101265,9043
1400000US06037217101,89453,66001
1400000US06037217102,97625,45600
1400000US06037217200,91076,23383
1400000US06037218110,48897,24539
1400000US06037218120,57188,13194
1400000US06037218210,59151,6734
1400000US06037218220,81667,12525
1400000US06037218300,78069,26531
1400000US06037218400,103843,14413
1400000US06037218500,77938,24394
1400000US06037218600,76406,16350
1400000US06037218701,51477,21383
1400000US06037218702,61616,7502
1400000US06037218800,53750,5450
1400000US06037218900,63269,15344
1400000US06037219010,87171,31404
1400000US06037219020,80481,28627
1400000US06037219300,57298,20142
1400000US06037219500,103050,43120
1400000US06037219700,82586,30503
1400000US06037219800,69120,13844
1400000US06037219901,63401,25655
1400000US06037219902,107059,69918
1400000US06037220000,65453,31090
1400000US06037220100,73750,29189
1400000US06037221110,48622,9156
1400000US06037221120,47431,8353
1400000US06037221210,71382,23779
1400000US06037221220,54083,15360
1400000US06037221302,37220,26373
1400000US06037221303,61786,18528
1400000US06037221304,47279,15626
1400000US06037221401,49654,15724
1400000US06037221402,36736,16782
1400000US06037221500,46843,13372
1400000US06037221601,63351,27533
1400000US06037221602,58715,15699
1400000US06037221710,46563,7653
1400000US06037221810,33000,5792
1400000US06037221820,28466,5175
1400000US06037221900,29712,7618
1400000US06037222001,74167,13953
1400000US06037222002,71898,10141
1400000US06037222100,58040,23089
1400000US06037222200,52314,23942
1400000US06037222500,65250,20375
1400000US06037222600,45260,13436
1400000US06037222700,54167,30182
1400000US06037224010,39219,14548
1400000US06037224020,38871,11782
1400000US06037224200,57743,11523
1400000US06037224310,59250,27387
1400000US06037224320,38750,36155
1400000US06037224410,41010,15484
1400000US06037224420,26648,4829
1400000US06037224600,50795,10498
1400000US06037224701,32273,24122
1400000US06037224702,5213,1985
1400000US06037226001,34515,8525
1400000US06037226002,52412,21476
1400000US06037226410,47019,11068
1400000US06037226420,48418,13442
1400000US06037226701,61932,24677
1400000US06037226702,66556,14187
1400000US06037227010,50230,6888
1400000US06037227020,67331,9725
1400000US06037228100,65313,22457
1400000US06037228210,58558,19966
1400000US06037228220,60962,29853
1400000US06037228310,53408,6657
1400000US06037228320,57708,21907
1400000US06037228410,64286,18530
1400000US06037228420,80488,11336
1400000US06037228500,46450,14817
1400000US06037228600,59118,25673
1400000US06037228710,62286,27703
1400000US06037228720,65000,14843
1400000US06037228800,54975,35806
1400000US06037228900,38040,16919
1400000US06037229100,65461,24096
1400000US06037229200,48339,12174
1400000US06037229300,59107,7213
1400000US06037229410,65286,12282
1400000US06037229420,70135,11370
1400000US06037231100,59531,22459
1400000US06037231210,43797,6721
1400000US06037231220,37740,6908
1400000US06037231301,58818,5800
1400000US06037231302,61567,13862
1400000US06037231400,55153,38063
1400000US06037231500,91344,23749
1400000US06037231601,83270,7493
1400000US06037231602,84028,30827
1400000US06037231603,60455,26084
1400000US06037231710,56494,9636
1400000US06037231720,45417,24319
1400000US06037231800,48378,12848
1400000US06037231901,83795,47005
1400000US06037231902,45735,22499
1400000US06037232110,58425,12782
1400000US06037232120,53029,13366
1400000US06037232200,91208,21761
1400000US06037232300,75962,27694
1400000US06037232401,73034,11679
1400000US06037232402,74750,14553
1400000US06037232500,67917,18607
1400000US06037232601,76618,17272
1400000US06037232602,73628,31618
1400000US06037232701,96120,12263
1400000US06037232702,78026,18763
1400000US06037232800,52935,25181
1400000US06037234001,86935,12387
1400000US06037234002,73472,21162
1400000US06037234200,79438,12782
1400000US06037234301,38942,9050
1400000US06037234302,46604,15267
1400000US06037234501,78533,20129
1400000US06037234502,29464,8524
1400000US06037234600,76875,23103
1400000US06037234700,90302,15448
1400000US06037234800,72073,16177
1400000US06037234901,49602,6203
1400000US06037234902,24648,14763
1400000US06037235100,86450,8906
1400000US06037235201,64129,10820
1400000US06037235202,50972,18090
1400000US06037236001,113831,16129
1400000US06037236101,34981,7613
1400000US06037236102,52305,45761
1400000US06037236203,32886,9172
1400000US06037236204,42606,16686
1400000US06037236205,36503,10460
1400000US06037236206,50096,16136
1400000US06037236400,101607,16439
1400000US06037237101,57500,23056
1400000US06037237102,51602,12257
1400000US06037237201,67135,18911
1400000US06037237202,50714,32009
1400000US06037237300,86494,19368
1400000US06037237401,76354,24118
1400000US06037237402,85759,24703
1400000US06037237500,44856,6892
1400000US06037237600,43603,17541
1400000US06037237710,48750,11704
1400000US06037237720,45188,18312
1400000US06037237800,71283,30535
1400000US06037237900,77072,24945
1400000US06037238000,61822,31684
1400000US06037238100,67419,19713
1400000US06037238200,49601,18572
1400000US06037238310,50833,16528
1400000US06037238320,28722,11710
1400000US06037238400,68611,16752
1400000US06037239201,54141,16035
1400000US06037239202,59063,18332
1400000US06037239310,51510,17820
1400000US06037239320,53750,11863
1400000US06037239330,76382,13116
1400000US06037239501,59457,8730
1400000US06037239502,52917,12379
1400000US06037239601,58771,8622
1400000US06037239602,53906,19948
1400000US06037239701,40239,16063
1400000US06037239702,61250,22966
1400000US06037239801,65887,14774
1400000US06037239802,47534,14167
1400000US06037240010,39673,17198
1400000US06037240020,67222,33280
1400000US06037240200,56813,7670
1400000US06037240301,65392,13521
1400000US06037240302,44805,20303
1400000US06037240401,38720,3500
1400000US06037240402,68239,29675
1400000US06037240500,57750,33079
1400000US06037240600,64118,6974
1400000US06037240700,60672,11412
1400000US06037240800,56156,26346
1400000US06037240901,48359,11880
1400000US06037240902,43214,21542
1400000US06037241001,121477,33948
1400000US06037241002,58438,7601
1400000US06037241110,73382,13008
1400000US06037241120,42004,16305
1400000US06037241201,63073,5193
1400000US06037241202,52448,8802
1400000US06037241300,50727,8725
1400000US06037241400,65417,47059
1400000US06037242000,57813,7090
1400000US06037242100,29388,3819
1400000US06037242201,76528,31961
1400000US06037242202,45710,9557
1400000US06037242300,53992,7516
1400000US06037242600,21595,10748
1400000US06037242700,52807,7051
1400000US06037243001,72656,18011
1400000US06037243002,74208,12566
1400000US06037243100,33112,7055
1400000US06037261102,250001,-333333333
1400000US06037261103,182212,76214
1400000US06037261104,196071,97547
1400000US06037261200,169432,55945
1400000US06037262100,165795,103852
1400000US06037262200,200171,69380
1400000US06037262301,250001,-333333333
1400000US06037262302,178214,90322
1400000US06037262303,248889,44441
1400000US06037262400,250001,-333333333
1400000US06037262501,250001,-333333333
1400000US06037262601,222400,87750
1400000US06037262604,168750,96266
1400000US06037262704,161923,12689
1400000US06037262706,168164,49182
1400000US06037262802,170500,47140
1400000US06037264000,239181,66332
1400000US06037264102,153482,40889
1400000US06037264103,135357,36576
1400000US06037264303,151003,20953
1400000US06037264304,113505,17522
1400000US06037264305,163859,37990
1400000US06037264306,130018,19405
1400000US06037265100,89355,48427
1400000US06037265201,155781,39370
1400000US06037265203,110725,25279
1400000US06037265204,49306,18433
1400000US06037265301,-666666666,-222222222
1400000US06037265303,31510,6028
1400000US06037265304,19764,4467
1400000US06037265306,57188,41112
1400000US06037265307,29375,12057
1400000US06037265410,232049,70324
1400000US06037265420,244583,57049
1400000US06037265521,85262,17905
1400000US06037265522,92147,21325
1400000US06037265523,76166,21179
1400000US06037265524,123325,16877
1400000US06037265601,150481,65631
1400000US06037265602,95893,45902
1400000US06037265701,135909,38356
1400000US06037265702,102143,29462
1400000US06037267101,91607,30823
1400000US06037267102,128750,54765
1400000US06037267201,102028,34867
1400000US06037267202,125188,25369
1400000US06037267300,112450,49757
1400000US06037267403,99712,29765
1400000US06037267404,80354,4578
1400000US06037267405,105170,29510
1400000US06037267406,90605,15843
1400000US06037267502,84671,23621
1400000US06037267503,156343,70692
1400000US06037267504,98947,29208
1400000US06037267600,89286,27988
1400000US06037267700,126656,25162
1400000US06037267800,120435,14082
1400000US06037267901,195581,84305
1400000US06037267902,153833,39305
1400000US06037269000,187458,70584
1400000US06037269100,77782,30765
1400000US06037269300,219552,43479
1400000US06037269500,250001,-333333333
1400000US06037269601,56154,31138
1400000US06037269602,81953,20449
1400000US06037269700,122731,26179
1400000US06037269800,106621,9652
1400000US06037269903,101524,14268
1400000US06037269905,108611,14509
1400000US06037269906,122308,18132
1400000US06037269907,99837,9725
1400000US06037269908,77222,20817
1400000US06037269909,101581,42009
1400000US06037270101,78940,25198
1400000US06037270102,128186,13193
1400000US06037270200,76905,35537
1400000US06037270300,84063,48359
1400000US06037271100,137167,55170
1400000US06037271200,121366,28520
1400000US06037271300,97721,28840
1400000US06037271400,197992,25227
1400000US06037271500,107679,30060
1400000US06037271600,122554,18673
1400000US06037271702,90972,21414
1400000US06037271703,121354,18401
1400000US06037271704,124638,38302
1400000US06037271801,95096,26157
1400000US06037271803,99469,11085
1400000US06037271804,121827,50748
1400000US06037271901,115917,27787
1400000US06037271902,105288,10578
1400000US06037272100,121719,39790
1400000US06037272201,119018,29923
1400000US06037272202,105111,18208
1400000US06037272301,128655,12868
1400000US06037272302,82288,14611
1400000US06037273100,167143,35641
1400000US06037273200,143702,20358
1400000US06037273300,107633,21035
1400000US06037273403,90425,37981
1400000US06037273404,85688,16462
1400000US06037273502,122969,29421
1400000US06037273600,133944,36116
1400000US06037273700,137935,16108
1400000US06037273800,98462,4540
1400000US06037273902,157115,45431
1400000US06037274100,153068,69594
1400000US06037274202,116552,29877
1400000US06037275101,121250,51137
1400000US06037275102,104197,20070
1400000US06037275200,100833,12915
1400000US06037275311,100977,17680
1400000US06037275312,194784,26521
1400000US06037275313,117341,29407
1400000US06037275400,169591,73364
1400000US06037275500,59076,15844
1400000US06037275603,114519,30175
1400000US06037275604,164651,27241
1400000US06037275605,119783,14525
1400000US06037276000,147470,19977
1400000US06037276101,113786,5162
1400000US06037276102,88750,36039
1400000US06037276400,220350,59839
1400000US06037276500,160517,35063
1400000US06037276601,176346,51413
1400000US06037276605,113594,34611
1400000US06037276606,132339,32760
1400000US06037276607,86648,39779
1400000US06037276608,92206,37303
1400000US06037277000,180385,39911
1400000US06037277100,193846,61697
1400000US06037277200,59621,23494
1400000US06037277400,-666666666,-222222222
1400000US06037278001,76406,40255
1400000US06037278102,174167,16142
1400000US06037291110,60085,25209
1400000US06037291120,57969,25731
1400000US06037291130,96042,23544
1400000US06037291210,73106,30677
1400000US06037291220,82542,12397
1400000US06037291300,92404,39241
1400000US06037292001,54319,6690
1400000US06037292002,118152,40670
1400000US06037293203,54345,14374
1400000US06037293204,120338,40051
1400000US06037293205,61198,10976
1400000US06037293206,62788,34572
1400000US06037293301,120833,26926
1400000US06037293302,104071,32516
1400000US06037293304,61567,8324
1400000US06037293306,112361,24334
1400000US06037293307,70888,36977
1400000US06037294110,89438,8362
1400000US06037294120,58897,29632
1400000US06037294200,88958,18575
1400000US06037294301,101906,19381
1400000US06037294302,66210,11020
1400000US06037294410,78810,20232
1400000US06037294421,65764,13031
1400000US06037294510,65947,14677
1400000US06037294520,58173,10737
1400000US06037294610,65735,22282
1400000US06037294620,75938,27755
1400000US06037294701,36525,6734
1400000US06037294810,45819,9937
1400000US06037294820,33710,9428
1400000US06037294830,63750,23547
1400000US06037294900,31667,24953
1400000US06037295103,120047,21248
1400000US06037296210,57386,19584
1400000US06037296220,46288,9597
1400000US06037296300,83145,20747
1400000US06037296401,116680,25300
1400000US06037296402,142163,27201
1400000US06037296500,96302,12289
1400000US06037296600,41563,13817
1400000US06037296901,73415,28833
1400000US06037296902,57260,13258
1400000US06037297001,184219,69187
1400000US06037297002,108267,11857
1400000US06037297110,54152,6338
1400000US06037297120,94310,41457
1400000US06037297201,67593,16552
1400000US06037297202,97049,17655
1400000US06037297300,114063,17749
1400000US06037297400,136000,34347
1400000US06037297501,168942,45207
1400000US06037297502,96250,34944
1400000US06037297601,90556,19270
1400000US06037297602,94275,8572
1400000US06037300100,183162,34818
1400000US06037300200,121442,45217
1400000US06037300301,135223,42068
1400000US06037300400,136359,45539
1400000US06037300501,109303,22432
1400000US06037300503,75682,47236
1400000US06037300601,111631,19524
1400000US06037300602,116471,38488
1400000US06037300701,154440,55886
1400000US06037300702,155368,8702
1400000US06037300800,116205,50388
1400000US06037300901,166172,18902
1400000US06037300902,186250,68372
1400000US06037301000,116094,57037
1400000US06037301100,87395,13403
1400000US06037301203,80852,13043
1400000US06037301204,75298,14775
1400000US06037301205,108125,29379
1400000US06037301206,81200,21256
1400000US06037301300,201357,41308
1400000US06037301400,150116,35326
1400000US06037301501,163646,57915
1400000US06037301502,80459,7652
1400000US06037301601,54469,31680
1400000US06037301602,76625,19604
1400000US06037301701,90938,70882
1400000US06037301702,84067,18667
1400000US06037301801,81586,9673
1400000US06037301802,90089,20973
1400000US06037301901,72500,27505
1400000US06037301902,101343,10191
1400000US06037302002,58846,2215
1400000US06037302003,61522,4932
1400000US06037302004,52679,11861
1400000US06037302102,93627,28653
1400000US06037302103,68731,20627
1400000US06037302104,82212,12142
1400000US06037302201,35972,14669
1400000US06037302202,52348,7781
1400000US06037302301,87198,20010
1400000US06037302302,61308,12908
1400000US06037302401,73496,11267
1400000US06037302503,62364,17492
1400000US06037302504,41201,9907
1400000US06037302505,64828,18939
1400000US06037302506,85882,18119
1400000US06037310100,171991,17701
1400000US06037310201,133608,20828
1400000US06037310202,101917,19231
1400000US06037310300,139625,33622
1400000US06037310400,110313,33680
1400000US06037310501,77753,14039
1400000US06037310601,67500,21040
1400000US06037310602,113917,44098
1400000US06037310701,29815,24168
1400000US06037310703,67075,22880
1400000US06037310704,63625,14225
1400000US06037310705,42639,33449
1400000US06037310800,85185,42319
1400000US06037310900,117292,37724
1400000US06037311000,121000,23244
1400000US06037311100,99806,19780
1400000US06037311200,96848,26817
1400000US06037311300,119477,22554
1400000US06037311400,133542,34558
1400000US06037311500,137589,20781
1400000US06037311601,108563,36380
1400000US06037311602,94646,13655
1400000US06037311700,112917,18683
1400000US06037311801,75772,11969
1400000US06037311802,98626,10209
1400000US06037320101,115195,12100
1400000US06037320102,116917,65223
1400000US06037320201,72443,21598
1400000US06037320202,98182,33118
1400000US06037320300,70792,18476
1400000US06037400205,208906,23839
1400000US06037400206,200833,25532
1400000US06037400207,149052,28110
1400000US06037400208,147222,29427
1400000US06037400209,142917,73326
1400000US06037400304,84457,23793
1400000US06037400402,154707,17944
1400000US06037400403,128750,27301
1400000US06037400404,185088,40704
1400000US06037400501,100625,75168
1400000US06037400602,84512,9934
1400000US06037400603,118704,34508
1400000US06037400605,96920,24007
1400000US06037400801,120156,19180
1400000US06037401001,133571,21770
1400000US06037401002,91981,10904
1400000US06037401101,79488,8519
1400000US06037401102,103616,24273
1400000US06037401201,146125,32391
1400000US06037401202,110750,26857
1400000US06037401203,101208,15177
1400000US06037401303,161397,47972
1400000US06037401304,139483,28751
1400000US06037401311,92885,26117
1400000US06037401312,87944,19543
1400000US06037401500,89034,10870
1400000US06037401601,100500,27642
1400000US06037401602,78487,16478
1400000US06037401705,136071,18073
1400000US06037401706,98620,21950
1400000US06037401707,65389,12348
1400000US06037401801,150682,32403
1400000US06037401802,156953,38170
1400000US06037401901,84375,13826
1400000US06037401902,103017,15920
1400000US06037402001,64609,26688
1400000US06037402002,104896,28351
1400000US06037402101,119688,17788
1400000US06037402102,100789,14266
1400000US06037402200,86793,14229
1400000US06037402301,78808,17207
1400000US06037402303,61657,18222
1400000US06037402304,48393,10279
1400000US06037402403,87536,7766
1400000US06037402404,-666666666,-222222222
1400000US06037402405,112731,31091
1400000US06037402406,78472,24028
1400000US06037402501,57057,9753
1400000US06037402503,66364,14085
1400000US06037402504,38667,14688
1400000US06037402601,86250,19163
1400000US06037402602,62410,6687
1400000US06037402702,53319,3385
1400000US06037402703,90302,33260
1400000US06037402705,115000,9218
1400000US06037402706,106534,36663
1400000US06037402801,54404,18006
1400000US06037402803,88403,15488
1400000US06037402804,66016,11829
1400000US06037402902,88470,3727
1400000US06037402903,79688,34128
1400000US06037402904,91580,20750
1400000US06037403000,102885,25486
1400000US06037403305,119145,27693
1400000US06037403316,93151,18352
1400000US06037403317,126083,21833
1400000US06037403318,118478,29403
1400000US06037403319,93211,9457
1400000US06037403320,126059,29518
1400000US06037403321,117222,22980
1400000US06037403323,89828,23859
1400000US06037403324,114547,33557
1400000US06037403325,111445,14257
1400000US06037403326,135375,16325
1400000US06037403327,121935,16767
1400000US06037403328,100521,24899
1400000US06037403401,114231,16879
1400000US06037403402,126625,22799
1400000US06037403403,140795,32277
1400000US06037403404,173289,34814
1400000US06037403407,156552,30020
1400000US06037403408,129934,39976
1400000US06037403409,128654,30386
1400000US06037403500,114306,23230
1400000US06037403601,119471,33588
1400000US06037403702,124643,26291
1400000US06037403703,120875,17082
1400000US06037403721,88000,18875
1400000US06037403722,80121,19870
1400000US06037403801,91683,12814
1400000US06037403802,87438,10338
1400000US06037403901,128459,14306
1400000US06037403902,88571,15338
1400000US06037404000,112159,15472
1400000US06037404100,92361,18056
1400000US06037404201,76389,10530
1400000US06037404203,76837,10177
1400000US06037404301,84295,20815
1400000US06037404302,104779,34154
1400000US06037404401,86069,13809
1400000US06037404402,96616,12352
1400000US06037404501,57875,11007
1400000US06037404503,99665,15760
1400000US06037404504,84954,10145
1400000US06037404600,114167,17706
1400000US06037404701,75117,12927
1400000US06037404702,79063,16458
1400000US06037404703,91719,28387
1400000US06037404804,79767,9984
1400000US06037404805,65580,5426
1400000US06037404806,73274,13251
1400000US06037404901,98281,39359
1400000US06037404902,74706,14893
1400000US06037404903,89375,19842
1400000US06037405001,81801,6783
1400000US06037405002,74605,27057
1400000US06037405101,89457,18791
1400000US06037405102,80234,14655
1400000US06037405201,79934,10908
1400000US06037405202,69681,8758
1400000US06037405203,91438,23660
1400000US06037405301,92664,13761
1400000US06037405302,104138,20061
1400000US06037405400,106500,24027
1400000US06037405500,102054,25513
1400000US06037405600,103188,27456
1400000US06037405701,79650,33554
1400000US06037405702,95441,14697
1400000US06037405800,93750,19948
1400000US06037405900,118358,8810
1400000US06037406000,114728,12410
1400000US06037406101,88786,19086
1400000US06037406103,95118,13399
1400000US06037406201,56786,13874
1400000US06037406300,102638,15579
1400000US06037406413,106551,18159
1400000US06037406500,104800,13787
1400000US06037406601,133500,28243
1400000US06037406602,91641,27411
1400000US06037406701,95260,17319
1400000US06037406702,90349,4738
1400000US06037406801,103804,18447
1400000US06037406903,82856,22620
1400000US06037407001,87600,5736
1400000US06037407002,118516,15981
1400000US06037407101,68333,31533
1400000US06037407102,96645,30578
1400000US06037407201,136063,26479
1400000US06037407202,96125,44459
1400000US06037407301,78167,21935
1400000US06037407302,92396,21283
1400000US06037407400,128933,15789
1400000US06037407501,76424,30222
1400000US06037407502,115061,7479
1400000US06037407601,75370,9277
1400000US06037407602,105240,16864
1400000US06037407701,56950,25347
1400000US06037407702,93388,30451
1400000US06037407801,96809,38958
1400000US06037407802,118594,19808
1400000US06037407901,111615,37700
1400000US06037407902,95887,28035
1400000US06037408003,109221,12901
1400000US06037408004,81250,15547
1400000US06037408005,120956,19343
1400000US06037408006,84130,26301
1400000US06037408133,101378,24039
1400000US06037408134,111780,21359
1400000US06037408135,89563,13468
1400000US06037408136,128359,27617
1400000US06037408137,90091,19779
1400000US06037408138,81941,16211
1400000US06037408139,107050,23286
1400000US06037408140,77991,18794
1400000US06037408141,102917,17438
1400000US06037408212,81944,24187
1400000US06037408213,78574,8835
1400000US06037408301,80754,17680
1400000US06037408302,88068,24391
1400000US06037408303,119375,38778
1400000US06037408401,102500,23873
1400000US06037408402,109828,19330
1400000US06037408503,145921,33971
1400000US06037408504,100227,20112
1400000US06037408505,114850,20512
1400000US06037408623,110141,10034
1400000US06037408624,118977,34274
1400000US06037408625,132273,20038
1400000US06037408626,105500,48111
1400000US06037408627,94353,9558
1400000US06037408628,88021,19585
1400000US06037408629,117500,39674
1400000US06037408631,110536,31207
1400000US06037408703,127500,19210
1400000US06037408705,81771,35254
1400000US06037408707,134400,25541
1400000US06037408722,100538,23079
1400000US06037408724,70396,12777
1400000US06037408725,66681,18504
1400000US06037408800,49912,17243
1400000US06037408900,84583,18241
1400000US06037409000,79092,18927
1400000US06037409100,98542,14160
1400000US06037430003,138657,26006
1400000US06037430004,99978,16204
1400000US06037430005,108396,23863
1400000US06037430101,63584,16147
1400000US06037430102,102917,23592
1400000US06037430200,131159,4151
1400000US06037430301,147236,15909
1400000US06037430302,103512,15292
1400000US06037430400,182292,56939
1400000US06037430501,195199,25810
1400000US06037430502,113965,36499
1400000US06037430600,173125,39049
1400000US06037430701,104194,19977
1400000US06037430721,82115,35449
1400000US06037430723,90435,22152
1400000US06037430724,105644,24377
1400000US06037430801,96042,54886
1400000US06037430802,138333,36419
1400000US06037430803,109896,32438
1400000US06037430901,85560,10022
1400000US06037430902,103021,15672
1400000US06037431002,88700,22451
1400000US06037431003,89099,28164
1400000US06037431004,84833,19545
1400000US06037431100,82091,7884
1400000US06037431200,93750,17436
1400000US06037431300,97083,20301
1400000US06037431400,107222,31393
1400000US06037431501,64931,17973
1400000US06037431502,88229,23428
1400000US06037431600,120511,25815
1400000US06037431701,117887,45527
1400000US06037431800,83021,31888
1400000US06037431900,95066,18381
1400000US06037432001,119875,23269
1400000US06037432002,108197,36628
1400000US06037432101,134556,15397
1400000US06037432102,102500,28416
1400000US06037432201,118179,10357
1400000US06037432202,90516,21846
1400000US06037432300,86513,29503
1400000US06037432401,90018,15797
1400000US06037432402,66948,3633
1400000US06037432501,85533,15655
1400000US06037432502,127188,22430
1400000US06037432601,84479,42655
1400000US06037432602,82699,26513
1400000US06037432700,64864,11527
1400000US06037432801,40543,10435
1400000US06037432802,63321,13669
1400000US06037432901,64214,19270
1400000US06037432902,84044,17673
1400000US06037433103,66369,15801
1400000US06037433200,58963,14578
1400000US06037433302,59375,5729
1400000US06037433304,53200,10838
1400000US06037433305,66218,5736
1400000US06037433306,63447,8886
1400000US06037433307,82107,16774
1400000US06037433402,69487,8267
1400000US06037433403,51593,15889
1400000US06037433505,62407,8582
1400000US06037433506,50016,4392
1400000US06037433601,78462,13332
1400000US06037433602,51250,22753
1400000US06037433803,89735,16652
1400000US06037433804,73877,13219
1400000US06037433901,70313,9286
1400000US06037433903,57065,12361
1400000US06037434001,84102,9018
1400000US06037434003,76930,9628
1400000US06037434004,108319,34309
1400000US06037434100,74135,13624
1400000US06037460001,230714,65168
1400000US06037460002,162260,49145
1400000US06037460101,157167,73266
1400000US06037460200,124855,30567
1400000US06037460301,154844,28411
1400000US06037460302,110952,35281
1400000US06037460401,125357,38290
1400000US06037460501,233977,31001
1400000US06037460502,250001,-333333333
1400000US06037460601,239444,45541
1400000US06037460700,220188,32227
1400000US06037460800,250001,-333333333
1400000US06037460900,96370,43667
1400000US06037461000,115278,28028
1400000US06037461100,136336,34804
1400000US06037461200,186023,50685
1400000US06037461300,97279,38789
1400000US06037461400,98077,22749
1400000US06037461501,87177,30239
1400000US06037461502,75275,17296
1400000US06037461600,84659,30251
1400000US06037461700,154926,52050
1400000US06037461901,70109,16934
1400000US06037461902,104750,40813
1400000US06037462001,85000,14287
1400000US06037462002,50240,16320
1400000US06037462100,100516,13398
1400000US06037462201,43167,15235
1400000US06037462202,103963,22920
1400000US06037462301,90030,6401
1400000US06037462302,81829,16191
1400000US06037462400,153333,13937
1400000US06037462500,128214,31794
1400000US06037462600,122500,17929
1400000US06037462700,72750,18581
1400000US06037462800,119375,32968
1400000US06037462900,128632,9416
1400000US06037463000,125598,24999
1400000US06037463103,109136,19750
1400000US06037463200,106105,17898
1400000US06037463300,123317,16611
1400000US06037463400,125769,35906
1400000US06037463500,80363,20389
1400000US06037463601,83083,22232
1400000US06037463602,115699,32092
1400000US06037463700,188403,39790
1400000US06037463800,215714,36976
1400000US06037463900,132163,24283
1400000US06037464000,144607,33147
1400000US06037464101,250001,-333333333
1400000US06037464102,239052,32900
1400000US06037464200,190991,40960
1400000US06037480002,149861,49463
1400000US06037480011,100039,27038
1400000US06037480012,99375,27941
1400000US06037480101,93828,17932
1400000US06037480102,133625,38368
1400000US06037480201,163304,34715
1400000US06037480202,119318,38684
1400000US06037480302,110000,24454
1400000US06037480303,96105,9318
1400000US06037480304,78165,12562
1400000US06037480400,93341,11927
1400000US06037480500,121620,27194
1400000US06037480601,126563,17828
1400000US06037480602,119479,62317
1400000US06037480702,194023,35157
1400000US06037480703,169844,45515
1400000US06037480704,117065,18585
1400000US06037480802,111375,32950
1400000US06037480803,114531,18883
1400000US06037480804,91291,10272
1400000US06037480901,80877,15220
1400000US06037480902,64932,10736
1400000US06037480903,106250,35538
1400000US06037481001,74018,10741
1400000US06037481002,84261,14662
1400000US06037481101,94550,27086
1400000US06037481102,86037,18208
1400000US06037481103,77565,13663
1400000US06037481201,95169,13319
1400000US06037481203,82644,12495
1400000US06037481300,76250,12992
1400000US06037481401,87823,16770
1400000US06037481403,77353,18380
1400000US06037481404,81000,13179
1400000US06037481500,82604,16969
1400000US06037481603,93375,21830
1400000US06037481604,79871,27840
1400000US06037481605,82321,22219
1400000US06037481606,75150,9715
1400000US06037481711,51655,17459
1400000US06037481712,46387,16410
1400000US06037481713,74453,30514
1400000US06037481714,42675,11671
1400000US06037481800,124219,19027
1400000US06037481901,113607,22125
1400000US06037481902,84700,12072
1400000US06037482001,143750,25280
1400000US06037482002,107606,25002
1400000US06037482101,75511,36108
1400000US06037482102,91500,27548
1400000US06037482201,62223,11731
1400000US06037482202,69760,20599
1400000US06037482301,85720,16149
1400000US06037482303,73813,10812
1400000US06037482304,55054,7974
1400000US06037482401,70938,15241
1400000US06037482403,69265,33915
1400000US06037482404,61755,14954
1400000US06037482502,62236,13812
1400000US06037482503,82662,22061
1400000US06037482521,79464,7148
1400000US06037482522,90952,21049
1400000US06037482600,114493,39517
1400000US06037482701,78250,20052
1400000US06037482702,121146,16684
1400000US06037482801,92697,27464
1400000US06037500100,190107,41164
1400000US06037500202,158750,68942
1400000US06037500203,184286,50600
1400000US06037500204,160682,84302
1400000US06037500300,116719,14323
1400000US06037500402,67004,23626
1400000US06037500403,82279,46642
1400000US06037500404,104844,22012
1400000US06037500500,66818,23513
1400000US06037500600,114018,18694
1400000US06037500700,79911,20409
1400000US06037500800,111406,28316
1400000US06037500900,70117,40021
1400000US06037501001,108594,27938
1400000US06037501002,116197,11916
1400000US06037501200,113079,15570
1400000US06037501301,90417,27754
1400000US06037501302,103478,5972
1400000US06037501400,87273,34361
1400000US06037501501,144250,18411
1400000US06037501503,91820,16321
1400000US06037501504,56576,10609
1400000US06037501600,104333,58192
1400000US06037501700,101512,48496
1400000US06037501802,95909,16551
1400000US06037501803,60399,5502
1400000US06037501804,62832,14533
1400000US06037501900,112143,18173
1400000US06037502003,64088,15502
1400000US06037502004,68110,7036
1400000US06037502005,108889,33914
1400000US06037502100,95372,15657
1400000US06037502200,121625,17185
1400000US06037502303,87764,32750
1400000US06037502401,73214,20288
1400000US06037502402,94429,19860
1400000US06037502500,90313,35006
1400000US06037502602,78967,18575
1400000US06037502603,99727,58309
1400000US06037502604,101111,52033
1400000US06037502700,93051,6806
1400000US06037502801,110871,19725
1400000US06037502901,121780,14907
1400000US06037503000,85865,37686
1400000US06037503103,103363,17400
1400000US06037503104,86577,7635
1400000US06037503105,101484,20654
1400000US06037503106,89958,22282
1400000US06037503201,106655,25459
1400000US06037503202,108779,19436
1400000US06037503301,136678,21987
1400000US06037503302,97519,10660
1400000US06037503401,109356,26315
1400000US06037503402,111932,49728
1400000US06037503501,102905,10931
1400000US06037503502,102500,23137
1400000US06037503601,106856,17179
1400000US06037503602,151176,25837
1400000US06037503701,106250,13003
1400000US06037503702,125417,20028
1400000US06037503704,68273,27746
1400000US06037503705,116850,10675
1400000US06037503801,95694,25733
1400000US06037503802,107965,4106
1400000US06037503901,130750,32197
1400000US06037503902,139451,16616
1400000US06037504001,65698,56103
1400000US06037504002,129635,20899
1400000US06037504101,101025,23798
1400000US06037504200,64554,28986
1400000US06037530005,131500,41319
1400000US06037530006,87679,18873
1400000US06037530007,86532,11812
1400000US06037530101,51842,20557
1400000US06037530102,69917,17381
1400000US06037530202,83000,26786
1400000US06037530203,58393,11963
1400000US06037530204,78646,29711
1400000US06037530301,60588,5647
1400000US06037530302,59454,12594
1400000US06037530400,39320,31304
1400000US06037530500,73452,15768
1400000US06037530603,77109,17359
1400000US06037530700,102981,35665
1400000US06037530801,107796,28698
1400000US06037530802,79583,11721
1400000US06037530901,70909,15720
1400000US06037530902,36548,6661
1400000US06037531000,86098,11070
1400000US06037531101,64942,9820
1400000US06037531102,63571,16957
1400000US06037531201,67167,31239
1400000US06037531202,68173,32141
1400000US06037531301,56789,12199
1400000US06037531302,62961,13583
1400000US06037531502,51641,10590
1400000US06037531503,69653,26450
1400000US06037531504,61708,33203
1400000US06037531602,71574,31535
1400000US06037531603,72574,12039
1400000US06037531604,57596,12374
1400000US06037531701,74430,14954
1400000US06037531702,76083,10857
1400000US06037531800,102718,38838
1400000US06037531901,67188,15674
1400000US06037531902,93396,18044
1400000US06037532001,56645,14633
1400000US06037532002,82750,9440
1400000US06037532101,56989,21525
1400000US06037532102,104688,24224
1400000US06037532200,88393,23516
1400000US06037532302,74602,22616
1400000US06037532303,80481,5545
1400000US06037532304,68551,20718
1400000US06037532500,60043,16952
1400000US06037532605,43036,35010
1400000US06037532606,53785,14565
1400000US06037532607,55527,9596
1400000US06037532700,66406,11398
1400000US06037532800,56791,10040
1400000US06037532900,43750,7347
1400000US06037533001,76250,34748
1400000US06037533002,63242,13885
1400000US06037533103,60859,10858
1400000US06037533104,43140,10095
1400000US06037533105,51887,12697
1400000US06037533108,60337,4932
1400000US06037533201,70147,35084
1400000US06037533204,75714,14903
1400000US06037533300,49773,22688
1400000US06037533401,61618,15002
1400000US06037533402,58350,17519
1400000US06037533403,70767,7249
1400000US06037533501,73750,14417
1400000US06037533504,62446,10380
1400000US06037533601,65849,16785
1400000US06037533602,62432,16078
1400000US06037533603,48271,11313
1400000US06037533701,58694,13003
1400000US06037533702,67813,20296
1400000US06037533703,58750,13363
1400000US06037533803,49588,6408
1400000US06037533804,76599,16645
1400000US06037533805,62350,21215
1400000US06037533806,66677,10955
1400000US06037533901,62829,14216
1400000US06037533902,60221,5800
1400000US06037534001,71052,3822
1400000US06037534002,89672,13163
1400000US06037534101,65119,20398
1400000US06037534102,47018,13229
1400000US06037534201,58826,14514
1400000US06037534202,57614,22653
1400000US06037534203,52500,6788
1400000US06037534301,51859,16765
1400000US06037534302,66149,9462
1400000US06037534403,64656,11298
1400000US06037534404,56500,14018
1400000US06037534405,71645,24415
1400000US06037534406,44583,11499
1400000US06037534501,72074,13743
1400000US06037534502,92625,22333
1400000US06037534700,84150,19717
1400000US06037534802,73413,10955
1400000US06037534803,82130,6372
1400000US06037534804,74881,18457
1400000US06037534900,74145,13890
1400000US06037535001,59444,24087
1400000US06037535002,50754,4926
1400000US06037535101,68537,6321
1400000US06037535102,64959,17933
1400000US06037535200,81000,9738
1400000US06037535300,73750,15525
1400000US06037535400,68514,20024
1400000US06037535501,58849,13375
1400000US06037535502,66969,28061
1400000US06037535503,81875,22045
1400000US06037535603,47647,12914
1400000US06037535604,74583,12669
1400000US06037535605,71111,9722
1400000US06037535606,65658,18243
1400000US06037535607,74187,18485
1400000US06037535701,84167,30965
1400000US06037535702,73236,8520
1400000US06037535802,100694,13369
1400000US06037535803,74130,15537
1400000US06037535804,81103,28149
1400000US06037535901,64598,21861
1400000US06037535902,100947,20665
1400000US06037536000,50000,18783
1400000US06037536102,80116,7228
1400000US06037536103,75583,7790
1400000US06037536104,68750,12423
1400000US06037536201,103214,33502
1400000US06037536202,77500,20300
1400000US06037540000,61595,5566
1400000US06037540101,90179,12283
1400000US06037540102,118380,19058
1400000US06037540201,60231,13024
1400000US06037540202,67767,9544
1400000US06037540203,84196,19151
1400000US06037540300,75964,15558
1400000US06037540400,86895,7621
1400000US06037540501,82933,25547
1400000US06037540502,61534,12632
1400000US06037540600,34211,25779
1400000US06037540700,71563,20216
1400000US06037540800,84688,20873
1400000US06037540901,85500,23289
1400000US06037540902,85307,27360
1400000US06037541003,80208,25273
1400000US06037541100,93782,24547
1400000US06037541200,82414,24640
1400000US06037541300,100882,15192
1400000US06037541401,68728,14323
1400000US06037541402,57727,34339
1400000US06037541500,64055,31880
1400000US06037541603,69405,15356
1400000US06037541604,60804,21721
1400000US06037541605,68805,15298
1400000US06037541606,51667,25805
1400000US06037541700,87157,20689
1400000US06037541801,67188,15869
1400000US06037541802,84010,31174
1400000US06037542000,100256,19726
1400000US06037542103,69950,27402
1400000US06037542104,74099,14925
1400000US06037542105,64202,17508
1400000US06037542106,55625,9976
1400000US06037542200,78203,13276
1400000US06037542401,59960,16769
1400000US06037542402,88705,12880
1400000US06037542501,90281,22139
1400000US06037542502,65917,18702
1400000US06037542601,73281,15768
1400000US06037542602,59469,9470
1400000US06037542700,80523,13178
1400000US06037542800,71528,12389
1400000US06037542900,97936,23580
1400000US06037543000,84786,25030
1400000US06037543100,107552,26819
1400000US06037543201,103850,38450
1400000US06037543203,46144,7983
1400000US06037543304,113438,19406
1400000US06037543305,97195,23989
1400000US06037543306,103209,14539
1400000US06037543321,125789,30066
1400000US06037543322,122001,16500
1400000US06037543400,103575,16252
1400000US06037543501,97231,18907
1400000US06037543502,100284,24581
1400000US06037543503,100580,18220
1400000US06037543601,109844,36953
1400000US06037543603,83521,21011
1400000US06037543605,93636,21600
1400000US06037543606,75192,18681
1400000US06037543607,112614,37067
1400000US06037543701,145690,18253
1400000US06037543703,120025,21714
1400000US06037543704,102925,19137
1400000US06037543705,106393,18962
1400000US06037543801,107623,11230
1400000US06037543803,95529,12149
1400000US06037543804,128350,32562
1400000US06037543903,134856,25365
1400000US06037543905,92212,17450
1400000US06037544001,97880,23410
1400000US06037544002,105667,13797
1400000US06037550101,120789,10357
1400000US06037550201,96000,13611
1400000US06037550202,109205,30638
1400000US06037550301,83561,24689
1400000US06037550501,78902,32440
1400000US06037550502,136349,36959
1400000US06037550601,97579,8375
1400000US06037550602,128393,16546
1400000US06037550700,94327,44666
1400000US06037550801,113889,68736
1400000US06037550802,84361,35578
1400000US06037550901,90200,16025
1400000US06037550902,84181,11354
1400000US06037551001,83895,10343
1400000US06037551002,107400,33740
1400000US06037551101,76552,41664
1400000US06037551102,61713,7712
1400000US06037551201,80833,24503
1400000US06037551203,91845,41967
1400000US06037551204,72531,14755
1400000US06037551300,71741,17396
1400000US06037551401,97463,40087
1400000US06037551402,94643,23346
1400000US06037551501,101094,29032
1400000US06037551502,95655,18085
1400000US06037551700,87471,26454
1400000US06037551801,96090,14048
1400000US06037551802,85772,11094
1400000US06037551900,111020,33959
1400000US06037552001,103006,18107
1400000US06037552002,105750,15736
1400000US06037552100,77350,11035
1400000US06037552200,66827,11089
1400000US06037552301,86125,19355
1400000US06037552302,81705,39295
1400000US06037552400,80217,15499
1400000US06037552601,97946,16751
1400000US06037552602,115227,12822
1400000US06037552700,106250,15381
1400000US06037552800,117935,20717
1400000US06037552900,83365,11302
1400000US06037553000,147083,48324
1400000US06037553100,109401,16406
1400000US06037553201,100357,15905
1400000US06037553202,93295,49755
1400000US06037553300,102336,8177
1400000US06037553400,111400,19495
1400000US06037553502,80348,13275
1400000US06037553503,59375,9256
1400000US06037553504,81984,22114
1400000US06037553601,69655,13414
1400000US06037553602,93190,14386
1400000US06037553701,71250,9923
1400000US06037553702,66570,12724
1400000US06037553801,66250,18948
1400000US06037553802,64875,18864
1400000US06037553901,87683,12279
1400000US06037553902,77548,10544
1400000US06037554001,89959,9938
1400000US06037554002,83953,41532
1400000US06037554101,70087,9672
1400000US06037554105,48553,10888
1400000US06037554106,85000,24151
1400000US06037554201,94457,27732
1400000US06037554203,72083,24392
1400000US06037554204,41750,15066
1400000US06037554301,85694,18883
1400000US06037554302,73882,19341
1400000US06037554403,70736,15327
1400000US06037554404,75972,20370
1400000US06037554405,49342,19623
1400000US06037554406,89562,22738
1400000US06037554511,146250,37895
1400000US06037554512,181179,26856
1400000US06037554513,143594,37023
1400000US06037554514,146946,12858
1400000US06037554515,89161,11468
1400000US06037554516,165357,42479
1400000US06037554517,136435,16872
1400000US06037554518,117120,20906
1400000US06037554519,115058,22187
1400000US06037554521,122148,13244
1400000US06037554522,122243,40848
1400000US06037554600,101563,35475
1400000US06037554700,119688,24422
1400000US06037554801,113047,29872
1400000US06037554802,109000,20044
1400000US06037554900,91471,14097
1400000US06037555001,92967,17619
1400000US06037555002,88285,29452
1400000US06037555105,108199,16746
1400000US06037555106,49041,18322
1400000US06037555107,84222,8418
1400000US06037555202,144583,28126
1400000US06037555211,90962,22574
1400000US06037555212,79078,15685
1400000US06037555300,114698,40323
1400000US06037570001,137500,36438
1400000US06037570002,127321,25974
1400000US06037570003,126389,17369
1400000US06037570100,113478,4708
1400000US06037570202,72702,32102
1400000US06037570203,57094,26302
1400000US06037570204,77609,17507
1400000US06037570303,64848,6402
1400000US06037570304,64188,18216
1400000US06037570305,67545,12367
1400000US06037570306,108368,40446
1400000US06037570402,103953,17622
1400000US06037570403,69391,7167
1400000US06037570404,80505,8648
1400000US06037570502,102222,27974
1400000US06037570503,87960,17797
1400000US06037570504,92375,11142
1400000US06037570601,98783,15602
1400000US06037570602,86645,24091
1400000US06037570603,46339,5320
1400000US06037570701,101975,21553
1400000US06037570703,116974,24332
1400000US06037570800,130625,16244
1400000US06037570901,121071,14310
1400000US06037570902,147063,26311
1400000US06037571000,132196,16094
1400000US06037571101,130982,18466
1400000US06037571102,140574,20248
1400000US06037571201,179148,63323
1400000US06037571202,104821,35493
1400000US06037571300,136806,28656
1400000US06037571400,120588,19984
1400000US06037571502,102981,8966
1400000US06037571504,89880,40137
1400000US06037571505,95871,9512
1400000US06037571600,31402,8039
1400000US06037571701,81867,12603
1400000US06037571703,67750,23982
1400000US06037571704,63021,10131
1400000US06037571800,131204,45711
1400000US06037571900,165625,32749
1400000US06037572001,130929,34148
1400000US06037572201,89545,19242
1400000US06037572202,138134,33718
1400000US06037572301,103576,26719
1400000US06037572500,58354,21430
1400000US06037572600,121746,24392
1400000US06037572700,89375,10182
1400000US06037573002,62066,18116
1400000US06037573003,97375,29085
1400000US06037573004,65294,13319
1400000US06037573101,64194,24960
1400000US06037573102,99547,12575
1400000US06037573201,54953,12372
1400000US06037573202,89613,17848
1400000US06037573300,57115,13439
1400000US06037573401,87708,24079
1400000US06037573402,84831,35056
1400000US06037573403,141950,44585
1400000US06037573601,134436,22852
1400000US06037573700,154266,16480
1400000US06037573800,135434,23580
1400000US06037573902,155724,24101
1400000US06037574000,140320,9000
1400000US06037574100,135774,16811
1400000US06037574201,134821,40270
1400000US06037574202,123782,7810
1400000US06037574300,119009,27502
1400000US06037574400,130455,33936
1400000US06037574500,161653,50639
1400000US06037574602,158500,24188
1400000US06037574800,108321,28895
1400000US06037574901,140144,34952
1400000US06037574902,88871,12833
1400000US06037575001,96677,30635
1400000US06037575002,102083,11748
1400000US06037575101,65181,14384
1400000US06037575102,55278,15414
1400000US06037575103,59259,7219
1400000US06037575201,54327,5975
1400000US06037575202,63661,21698
1400000US06037575300,45481,10374
1400000US06037575401,50852,11778
1400000US06037575402,72623,7048
1400000US06037575801,48696,17566
1400000US06037575802,60863,4841
1400000US06037575803,25268,8961
1400000US06037575901,51297,22959
1400000US06037575902,60904,12238
1400000US06037576001,105933,9152
1400000US06037576200,63250,12575
1400000US06037576301,67594,20812
1400000US06037576302,54095,25570
1400000US06037576401,63860,30804
1400000US06037576402,55313,12846
1400000US06037576403,74356,12758
1400000US06037576501,46172,22725
1400000US06037576502,82569,19013
1400000US06037576503,69345,11329
1400000US06037576601,76560,14078
1400000US06037576602,86916,15473
1400000US06037576700,104483,19750
1400000US06037576801,78627,24124
1400000US06037576802,100871,20378
1400000US06037576901,68422,7598
1400000US06037576903,75302,9527
1400000US06037576904,72442,12020
1400000US06037577000,85020,24218
1400000US06037577100,97094,19315
1400000US06037577200,109805,3464
1400000US06037577300,108548,16283
1400000US06037577400,137098,24508
1400000US06037577501,134896,39281
1400000US06037577504,101938,34847
1400000US06037577602,110964,16847
1400000US06037577604,107195,14161
1400000US06037577605,168750,59385
1400000US06037577606,140792,10632
1400000US06037577700,98125,17987
1400000US06037577800,121250,31774
1400000US06037577900,81528,25992
1400000US06037578000,58504,19914
1400000US06037578100,-666666666,-222222222
1400000US06037599000,101288,27437
1400000US06037599100,118882,4156
1400000US06037600100,56102,12506
1400000US06037600201,64583,22148
1400000US06037600202,33134,15591
1400000US06037600302,76288,18352
1400000US06037600303,35573,11914
1400000US06037600304,61378,5582
1400000US06037600400,41726,27918
1400000US06037600501,95645,20956
1400000US06037600601,103333,26579
1400000US06037600602,66541,6997
1400000US06037600702,116071,25924
1400000US06037600703,92826,22022
1400000US06037600704,79630,16740
1400000US06037600801,139494,45726
1400000US06037600802,69018,23397
1400000US06037600902,64163,13467
1400000US06037600911,75167,25013
1400000US06037600912,77637,8300
1400000US06037601001,64650,24560
1400000US06037601002,62986,23297
1400000US06037601100,61563,8198
1400000US06037601202,88750,18078
1400000US06037601211,52788,24843
1400000US06037601212,61023,18430
1400000US06037601301,126307,29538
1400000US06037601302,78608,5724
1400000US06037601303,43010,15955
1400000US06037601401,62042,13578
1400000US06037601402,82917,27204
1400000US06037601501,52708,12648
1400000US06037601502,66801,24856
1400000US06037601600,51250,41870
1400000US06037601700,52938,14062
1400000US06037601801,57098,14006
1400000US06037601802,85590,17905
1400000US06037601900,68518,9248
1400000US06037602002,82770,16731
1400000US06037602003,77736,10551
1400000US06037602103,56660,10083
1400000US06037602104,71959,17772
1400000US06037602105,64276,13127
1400000US06037602106,84431,9950
1400000US06037602201,141857,19572
1400000US06037602202,81719,26844
1400000US06037602301,130163,26548
1400000US06037602302,176066,17749
1400000US06037602402,102917,23703
1400000US06037602403,74883,18089
1400000US06037602404,56165,11362
1400000US06037602504,64984,19849
1400000US06037602505,66250,13306
1400000US06037602506,76826,16072
1400000US06037602507,51446,9596
1400000US06037602510,47231,14177
1400000US06037602511,57625,19125
1400000US06037602512,83920,13525
1400000US06037602513,66406,20436
1400000US06037602601,104125,30871
1400000US06037602602,57708,40712
1400000US06037602700,114702,38778
1400000US06037602801,55329,32732
1400000US06037602802,97961,18869
1400000US06037602900,106083,14066
1400000US06037603004,76696,21191
1400000US06037603005,75459,12426
1400000US06037603006,73242,18639
1400000US06037603007,80035,27960
1400000US06037603008,74280,13476
1400000US06037603101,98017,27725
1400000US06037603102,68300,9812
1400000US06037603200,111711,9927
1400000US06037603301,75217,13737
1400000US06037603302,88889,25356
1400000US06037603400,96508,15372
1400000US06037603500,84712,12606
1400000US06037603600,96932,21002
1400000US06037603702,111845,28324
1400000US06037603703,131023,31358
1400000US06037603705,76622,13523
1400000US06037603706,69476,11045
1400000US06037603801,69706,17293
1400000US06037603802,86744,18242
1400000US06037603901,133378,18904
1400000US06037603902,77199,36399
1400000US06037604001,79167,24041
1400000US06037604002,85967,12547
1400000US06037604101,72051,18952
1400000US06037604102,87891,29714
1400000US06037604200,75880,16175
1400000US06037609900,91429,17841
1400000US06037620001,164141,15213
1400000US06037620002,150458,20164
1400000US06037620101,123261,33720
1400000US06037620102,158816,29903
1400000US06037620201,196563,85921
1400000US06037620301,241250,64972
1400000US06037620303,217083,72319
1400000US06037620305,211158,50610
1400000US06037620400,172188,45282
1400000US06037620501,182560,35262
1400000US06037620521,126071,32283
1400000US06037620522,138617,45944
1400000US06037620601,132416,16204
1400000US06037620602,158000,41931
1400000US06037620701,205080,34718
1400000US06037620703,248207,45932
1400000US06037620704,194597,18775
1400000US06037620801,219188,40668
1400000US06037620802,191250,121620
1400000US06037620901,250001,-333333333
1400000US06037620904,212359,27532
1400000US06037621001,175699,34905
1400000US06037621005,156261,43824
1400000US06037621102,183958,39053
1400000US06037621104,145515,38839
1400000US06037621201,147083,45784
1400000US06037621204,98909,12159
1400000US06037621301,121763,32743
1400000US06037621324,120577,55368
1400000US06037621326,113646,34830
1400000US06037621400,173466,31695
1400000US06037650001,105573,30209
1400000US06037650003,96182,14723
1400000US06037650004,103800,26087
1400000US06037650101,100500,25275
1400000US06037650102,127628,7961
1400000US06037650200,150742,17748
1400000US06037650300,81885,23309
1400000US06037650401,142566,20306
1400000US06037650501,163750,53657
1400000US06037650502,150241,16909
1400000US06037650603,125417,26013
1400000US06037650604,69970,9255
1400000US06037650605,114531,22392
1400000US06037650606,87031,7429
1400000US06037650607,102049,12121
1400000US06037650701,163417,25253
1400000US06037650702,158493,21613
1400000US06037650801,146406,29050
1400000US06037650802,130532,15351
1400000US06037650901,104861,23809
1400000US06037650903,93643,14059
1400000US06037650904,126645,8411
1400000US06037651001,123191,26095
1400000US06037651002,119868,18256
1400000US06037651101,126535,9565
1400000US06037651102,84688,18488
1400000US06037651201,162875,50228
1400000US06037651221,99844,25129
1400000US06037651222,105276,12048
1400000US06037651302,150237,30930
1400000US06037651304,125945,23863
1400000US06037651401,88095,33343
1400000US06037651402,124053,19061
1400000US06037670001,98385,29281
1400000US06037670002,78241,12058
1400000US06037670003,92891,11357
1400000US06037670101,127094,44748
1400000US06037670102,97027,22011
1400000US06037670201,166806,34843
1400000US06037670202,208700,29759
1400000US06037670324,220644,58182
1400000US06037670326,250001,-333333333
1400000US06037670328,243269,48704
1400000US06037670405,183889,68502
1400000US06037670406,239792,39074
1400000US06037670407,158149,42459
1400000US06037670413,214625,36276
1400000US06037670416,169481,13731
1400000US06037670417,183389,34223
1400000US06037670418,192045,56980
1400000US06037670500,250001,-333333333
1400000US06037670603,198194,90922
1400000US06037670604,159962,41632
1400000US06037670701,176829,8560
1400000US06037670702,203409,32918
1400000US06037700101,89610,18081
1400000US06037700102,68036,22697
1400000US06037700200,97490,17449
1400000US06037700300,92778,15662
1400000US06037700400,101078,6695
1400000US06037700501,111885,45018
1400000US06037700502,113661,24248
1400000US06037700600,250001,-333333333
1400000US06037700700,250001,-333333333
1400000US06037700801,85443,12234
1400000US06037700802,121523,9537
1400000US06037700901,104250,22647
1400000US06037700902,89683,41902
1400000US06037701000,149211,63729
1400000US06037701201,190074,58473
1400000US06037701202,131992,28100
1400000US06037701302,130000,28125
1400000US06037701304,134185,19899
1400000US06037701402,84499,31734
1400000US06037701501,147068,49342
1400000US06037701502,122117,25512
1400000US06037701601,196042,41747
1400000US06037701602,96172,43035
1400000US06037701701,84344,15221
1400000US06037701702,80508,29403
1400000US06037701801,91445,23862
1400000US06037701802,96150,12045
1400000US06037701902,107583,22138
1400000US06037702002,103674,27054
1400000US06037702102,134571,41723
1400000US06037702201,114570,31898
1400000US06037702202,170040,65186
1400000US06037702300,121395,42469
1400000US06037702400,149345,54567
1400000US06037702501,157539,56549
1400000US06037702502,125076,37957
1400000US06037702600,110139,37809
1400000US06037702700,162188,39577
1400000US06037702801,89345,20723
1400000US06037702802,111061,9510
1400000US06037702803,132188,76688
1400000US06037702900,146623,17838
1400000US06037703002,165217,51966
1400000US06037703003,98912,7649
1400000US06037703100,133824,29990
1400000US06037703200,126761,25677
1400000US06037800101,198141,34727
1400000US06037800103,157386,65639
1400000US06037800104,148464,37238
1400000US06037800202,250001,-333333333
1400000US06037800204,220986,43889
1400000US06037800205,121348,12616
1400000US06037800206,250001,-333333333
1400000US06037800324,164289,43271
1400000US06037800325,167000,27799
1400000US06037800328,173125,117060
1400000US06037800333,107050,12830
1400000US06037800334,195332,24359
1400000US06037800335,169410,32526
1400000US06037800336,210821,31489
1400000US06037800337,83646,23030
1400000US06037800338,204139,25353
1400000US06037800406,239063,56814
1400000US06037800410,189028,37661
1400000US06037800411,198594,88952
1400000US06037800412,192500,76270
1400000US06037800504,182159,80535
1400000US06037800506,225729,68564
1400000US06037900102,45789,9612
1400000US06037900103,56551,8542
1400000US06037900104,64207,14997
1400000US06037900301,92024,64995
1400000US06037900501,84149,21939
1400000US06037900504,90175,11805
1400000US06037900505,79432,19188
1400000US06037900506,91359,25607
1400000US06037900508,83508,9877
1400000US06037900509,70053,13113
1400000US06037900510,67632,41088
1400000US06037900602,55550,5542
1400000US06037900606,49507,18477
1400000US06037900607,74729,17038
1400000US06037900608,79486,19699
1400000US06037900609,72070,17899
1400000US06037900610,43352,6675
1400000US06037900611,98591,11350
1400000US06037900701,60250,10995
1400000US06037900703,59589,11349
1400000US06037900704,70469,11559
1400000US06037900705,47130,20261
1400000US06037900804,45391,5347
1400000US06037900805,98750,11208
1400000US06037900806,26735,13553
1400000US06037900807,76510,8760
1400000US06037900808,83297,9300
1400000US06037900901,44747,18449
1400000US06037900902,72393,20099
1400000US06037901003,-666666666,-222222222
1400000US06037901007,89063,24528
1400000US06037901008,126906,22172
1400000US06037901009,99801,12872
1400000US06037901010,87232,17963
1400000US06037901011,86573,7993
1400000US06037901012,131250,18046
1400000US06037901013,125929,38491
1400000US06037901014,116615,26525
1400000US06037901101,103125,23853
1400000US06037901102,99420,23742
1400000US06037901209,65433,25176
1400000US06037901210,120977,27470
1400000US06037901214,119641,19930
1400000US06037901215,62121,18038
1400000US06037901216,143939,24301
1400000US06037901217,126250,39023
1400000US06037901218,157411,13793
1400000US06037901300,65398,36784
1400000US06037910002,71778,13689
1400000US06037910210,131676,6276
1400000US06037910211,208125,28849
1400000US06037910212,145938,34469
1400000US06037910213,142661,9980
1400000US06037910214,119615,26225
1400000US06037910215,99128,22629
1400000US06037910216,119505,39736
1400000US06037910217,130170,22934
1400000US06037910218,75625,19100
1400000US06037910301,116056,23193
1400000US06037910302,104722,28671
1400000US06037910401,87580,8835
1400000US06037910404,60542,12257
1400000US06037910405,43409,13237
1400000US06037910501,39403,8916
1400000US06037910502,39433,9875
1400000US06037910504,71007,15838
1400000US06037910505,65792,16983
1400000US06037910601,68661,30687
1400000US06037910602,63611,33469
1400000US06037910605,65411,18096
1400000US06037910606,81895,9293
1400000US06037910607,58839,11889
1400000US06037910608,70682,11148
1400000US06037910706,108563,19464
1400000US06037910707,72256,20094
1400000US06037910709,102566,24880
1400000US06037910712,96324,22472
1400000US06037910713,80764,13813
1400000US06037910714,79653,12434
1400000US06037910715,86250,23491
1400000US06037910716,86330,12135
1400000US06037910717,91333,21406
1400000US06037910718,105588,16658
1400000US06037910719,97792,24575
1400000US06037910720,59871,30704
1400000US06037910721,46136,28697
1400000US06037910804,155625,17002
1400000US06037910807,121010,14095
1400000US06037910808,120625,22911
1400000US06037910809,153088,31805
1400000US06037910810,152778,28532
1400000US06037910814,134250,25556
1400000US06037910815,95435,12470
1400000US06037911001,77381,16375
1400000US06037911100,68038,17270
1400000US06037920013,112083,29902
1400000US06037920015,184496,14863
1400000US06037920016,176591,36105
1400000US06037920017,140365,20537
1400000US06037920018,136719,27947
1400000US06037920020,99815,21872
1400000US06037920028,152468,42166
1400000US06037920029,113438,20206
1400000US06037920030,152042,20081
1400000US06037920031,80179,26424
1400000US06037920034,178125,49362
1400000US06037920035,103750,25497
1400000US06037920038,77669,8886
1400000US06037920039,140700,17736
1400000US06037920040,144915,45185
1400000US06037920041,129375,27165
1400000US06037920042,120130,10808
1400000US06037920043,162303,24776
1400000US06037920044,102796,15346
1400000US06037920045,149167,25238
1400000US06037920046,69534,19115
1400000US06037920047,74846,21479
1400000US06037920048,109482,12882
1400000US06037920049,198843,38430
1400000US06037920050,72713,23190
1400000US06037920102,85294,42700
1400000US06037920104,143269,37092
1400000US06037920106,137813,23672
1400000US06037920109,114469,11693
1400000US06037920110,131397,23041
1400000US06037920111,154925,8712
1400000US06037920112,124504,18415
1400000US06037920114,126422,39927
1400000US06037920115,109844,28475
1400000US06037920116,130000,26058
1400000US06037920118,146319,33938
1400000US06037920119,214417,46726
1400000US06037920120,228065,31444
1400000US06037920121,179006,30515
1400000US06037920200,-666666666,-222222222
1400000US06037920303,127045,38313
1400000US06037920312,90625,19705
1400000US06037920313,155833,27193
1400000US06037920314,143724,9958
1400000US06037920322,117150,33995
1400000US06037920326,133417,35630
1400000US06037920328,117692,40998
1400000US06037920329,117391,27971
1400000US06037920330,104117,9558
1400000US06037920331,126088,9739
1400000US06037920332,100729,13020
1400000US06037920334,110117,19218
1400000US06037920338,194342,31015
1400000US06037920339,164079,35540
1400000US06037920340,87448,25976
1400000US06037920341,63051,9017
1400000US06037920342,88657,25997
1400000US06037920343,85984,7431
1400000US06037930400,99750,23338
1400000US06037980001,-666666666,-222222222
1400000US06037980002,-666666666,-222222222
1400000US06037980003,-666666666,-222222222
1400000US06037980004,-666666666,-222222222
1400000US06037980005,-666666666,-222222222
1400000US06037980006,-666666666,-222222222
1400000US06037980007,-666666666,-222222222
1400000US06037980008,-666666666,-222222222
1400000US06037980009,-666666666,-222222222
1400000US06037980010,-666666666,-222222222
1400000US06037980011,-666666666,-222222222
1400000US06037980012,-666666666,-222222222
1400000US06037980013,-666666666,-222222222
1400000US06037980014,-666666666,-222222222
1400000US06037980015,79375,25264
1400000US06037980016,70667,13867
1400000US06037980017,-666666666,-222222222
1400000US06037980018,-666666666,-222222222
1400000US06037980019,-666666666,-222222222
1400000US06037980020,-666666666,-222222222
1400000US06037980021,-666666666,-222222222
1400000US06037980022,-666666666,-222222222
1400000US06037980023,-666666666,-222222222
1400000US06037980024,130598,61164
1400000US06037980025,80227,51787
1400000US06037980026,-666666666,-222222222
1400000US06037980028,-666666666,-222222222
1400000US06037980030,-666666666,-222222222
1400000US06037980031,-666666666,-222222222
1400000US06037980033,-666666666,-222222222
1400000US06037980034,-666666666,-222222222
1400000US06037980035,68603,22141
1400000US06037980036,159088,33160
1400000US06037980037,-666666666,-222222222
1400000US06037980038,-666666666,-222222222
1400000US06037980039,-666666666,-222222222
1400000US06037990100,-666666666,-222222222
1400000US06037990200,-666666666,-222222222
1400000US06037990300,-666666666,-222222222
